{"R":30,"T":1,"num_it_MFG":50,"ν":0.0081,"x_l":-1, "x_r":2, "α":1.5,"num_it_HJB":20,"h_list":[0.015625,0.0078125],"t_0":0,"Δt":0.01,"δ":0.4}