{"T":0.5,"δ":0.4,"x_l":-1,"h_list":[0.0078125,0.00390625,0.001953125],"x_r":2,"ν":0.0081,"α":1.5,"num_it_HJB":20,"Δt":0.001,"num_it_MFG":50,"R":30,"t_0":0}